iteration,attempt,source,requested_candidates,raw_candidates,parsed_candidates,accepted_candidates,accepted_total_iteration,llm_error_stage,llm_error_type,llm_error_message,llm_json_found,llm_raw_preview,best_score_before,best_score_after,improved,step,model,train_start,train_end,test_start,test_end
0,1,llm,3,3,3,3,3,parse_response,,,True,"{""candidates"":[{""weights"":{""IRAO"":0.35,""MOEX"":0.30,""SBER"":0.20,""USD000UTSTOM"":0.15}},{""weights"":{""SBER"":0.25,""GAZP"":0.20,""LKOH"":0.20,""MOEX"":0.15,""MGNT"":0.20}},{""weights"":{""USD000UTSTOM"":0.20,""EUR_RUB__TOM"":0.20,""CHFRUB_TOM"":0.15,""FXIT"":0.15,""FXMM"":0.10,""MOEX"":0.10,""SBER"":0.10}}]}",-0.00849531131453062,0.0044077400689679705,True,99,openai/gpt-oss-120b,2024-03-27 00:00:00,2026-03-19 00:00:00,2026-03-20 00:00:00,2026-04-17 00:00:00
1,1,llm,3,3,3,3,3,parse_response,,,True,"{""candidates"":[{""weights"":{""IRAO"":0.33,""MOEX"":0.30,""SBER"":0.20,""MGNT"":0.07,""USD000UTSTOM"":0.10}},{""weights"":{""MOEX"":0.25,""SBER"":0.20,""USD000UTSTOM"":0.15,""EUR_RUB__TOM"":0.15,""FXIT"":0.15,""CHFRUB_TOM"":0.10}},{""weights"":{""USD000UTSTOM"":0.20,""EUR_RUB__TOM"":0.20,""CHFRUB_TOM"":0.20,""FXIT"":0.15,""FXMM"":0.10,""MOEX"":0.15}}]}",0.0044077400689679705,0.013542634698951096,True,99,openai/gpt-oss-120b,2024-03-27 00:00:00,2026-03-19 00:00:00,2026-03-20 00:00:00,2026-04-17 00:00:00
2,1,llm,3,3,3,3,3,parse_response,,,True,"{""candidates"":[{""weights"":{""MOEX"":0.30,""SBER"":0.25,""FXIT"":0.20,""CHFRUB_TOM"":0.10,""EUR_RUB__TOM"":0.10,""IRAO"":0.05}},{""weights"":{""MOEX"":0.20,""SBER"":0.20,""USD000UTSTOM"":0.15,""EUR_RUB__TOM"":0.15,""FXIT"":0.10,""CHFRUB_TOM"":0.10,""FXMM"":0.10}},{""weights"":{""MOEX"":0.15,""SBER"":0.15,""USD000UTSTOM"":0.10,""EUR_RUB__TOM"":0.10,""CHFRUB_TOM"":0.10,""FXIT"":0.10,""FXMM"":0.10,""IRAO"":0.10,""MGNT"":0.10}}]}",0.013542634698951096,0.025740099966492548,True,99,openai/gpt-oss-120b,2024-03-27 00:00:00,2026-03-19 00:00:00,2026-03-20 00:00:00,2026-04-17 00:00:00
3,1,llm,3,3,3,2,2,parse_response,,,True,"{""candidates"":[{""weights"":{""MOEX"":0.30,""SBER"":0.25,""FXIT"":0.15,""EUR_RUB__TOM"":0.10,""CHFRUB_TOM"":0.10,""IRAO"":0.10}},{""weights"":{""MOEX"":0.20,""SBER"":0.20,""USD000UTSTOM"":0.15,""EUR_RUB__TOM"":0.15,""FXIT"":0.10,""CHFRUB_TOM"":0.10,""FXMM"":0.10}},{""weights"":{""FXIT"":0.20,""FXMM"":0.15,""EUR_RUB__TOM"":0.20,""CHFRUB_TOM"":0.15,""MOEX"":0.10,""SBER"":0.10,""USD000UTSTOM"":0.10}}]}",0.025740099966492548,0.025740099966492548,False,99,openai/gpt-oss-120b,2024-03-27 00:00:00,2026-03-19 00:00:00,2026-03-20 00:00:00,2026-04-17 00:00:00
4,1,llm,3,3,3,3,3,parse_response,,,True,"{""candidates"":[{""weights"":{""MOEX"":0.35,""SBER"":0.30,""GAZP"":0.15,""LKOH"":0.10,""IRAO"":0.10}},{""weights"":{""MOEX"":0.25,""SBER"":0.20,""USD000UTSTOM"":0.15,""EUR_RUB__TOM"":0.15,""CHFRUB_TOM"":0.10,""FXIT"":0.10,""FXMM"":0.05}},{""weights"":{""FXIT"":0.15,""FXMM"":0.15,""EUR_RUB__TOM"":0.20,""CHFRUB_TOM"":0.20,""USD000UTSTOM"":0.15,""MOEX"":0.10,""SBER"":0.05}}]}",0.025740099966492548,0.025740099966492548,False,99,openai/gpt-oss-120b,2024-03-27 00:00:00,2026-03-19 00:00:00,2026-03-20 00:00:00,2026-04-17 00:00:00
5,1,llm,3,3,3,2,2,parse_response,,,True,"{""candidates"":[{""weights"":{""MOEX"":0.28,""SBER"":0.25,""GAZP"":0.20,""FXIT"":0.12,""CHFRUB_TOM"":0.07,""EUR_RUB__TOM"":0.08}},{""weights"":{""MOEX"":0.20,""SBER"":0.20,""FXIT"":0.15,""CHFRUB_TOM"":0.15,""EUR_RUB__TOM"":0.15,""IRAO"":0.075,""FXMM"":0.025,""USD000UTSTOM"":0.05}},{""weights"":{""EUR_RUB__TOM"":0.20,""CHFRUB_TOM"":0.20,""FXMM"":0.15,""FXIT"":0.15,""USD000UTSTOM"":0.15,""MOEX"":0.10,""SBER"":0.05}}]}",0.025740099966492548,0.025740099966492548,False,99,openai/gpt-oss-120b,2024-03-27 00:00:00,2026-03-19 00:00:00,2026-03-20 00:00:00,2026-04-17 00:00:00
6,1,llm,3,3,3,3,3,parse_response,,,True,"{""candidates"":[{""weights"":{""MOEX"":0.28,""SBER"":0.22,""FXIT"":0.18,""CHFRUB_TOM"":0.12,""EUR_RUB__TOM"":0.12,""IRAO"":0.08}},{""weights"":{""MOEX"":0.20,""SBER"":0.20,""USD000UTSTOM"":0.15,""FXMM"":0.15,""CHFRUB_TOM"":0.15,""EUR_RUB__TOM"":0.15}},{""weights"":{""MOEX"":0.18,""SBER"":0.18,""USD000UTSTOM"":0.12,""CHFRUB_TOM"":0.12,""EUR_RUB__TOM"":0.12,""FXMM"":0.14,""FXIT"":0.14}}]}",0.025740099966492548,0.025740099966492548,False,99,openai/gpt-oss-120b,2024-03-27 00:00:00,2026-03-19 00:00:00,2026-03-20 00:00:00,2026-04-17 00:00:00
7,1,llm,3,3,3,3,3,parse_response,,,True,"{""candidates"":[{""weights"":{""MOEX"":0.35,""SBER"":0.25,""FXIT"":0.20,""CHFRUB_TOM"":0.10,""EUR_RUB__TOM"":0.10}},{""weights"":{""MOEX"":0.28,""SBER"":0.22,""FXIT"":0.15,""CHFRUB_TOM"":0.12,""EUR_RUB__TOM"":0.12,""IRAO"":0.11}},{""weights"":{""MOEX"":0.15,""SBER"":0.15,""FXIT"":0.10,""FXMM"":0.10,""USD000UTSTOM"":0.10,""CHFRUB_TOM"":0.10,""EUR_RUB__TOM"":0.10,""IRAO"":0.05,""GAZP"":0.05,""LKOH"":0.10}}]}",0.025740099966492548,0.025969688998314006,True,99,openai/gpt-oss-120b,2024-03-27 00:00:00,2026-03-19 00:00:00,2026-03-20 00:00:00,2026-04-17 00:00:00
8,1,llm,3,3,3,3,3,parse_response,,,True,"{""candidates"":[{""weights"":{""MOEX"":0.35,""SBER"":0.30,""FXIT"":0.20,""CHFRUB_TOM"":0.10,""EUR_RUB__TOM"":0.05}},{""weights"":{""MOEX"":0.25,""SBER"":0.20,""FXIT"":0.15,""IRAO"":0.10,""CHFRUB_TOM"":0.10,""EUR_RUB__TOM"":0.10,""USD000UTSTOM"":0.10}},{""weights"":{""MOEX"":0.15,""SBER"":0.15,""FXMM"":0.15,""USD000UTSTOM"":0.15,""CHFRUB_TOM"":0.10,""EUR_RUB__TOM"":0.10,""FXIT"":0.10,""IRAO"":0.10}}]}",0.025969688998314006,0.03410254493269024,True,99,openai/gpt-oss-120b,2024-03-27 00:00:00,2026-03-19 00:00:00,2026-03-20 00:00:00,2026-04-17 00:00:00
9,1,llm,3,3,3,1,1,parse_response,,,True,"{""candidates"":[{""weights"":{""MOEX"":0.35,""SBER"":0.30,""GAZP"":0.15,""LKOH"":0.10,""CHFRUB_TOM"":0.05,""FXIT"":0.05}},{""weights"":{""MOEX"":0.30,""SBER"":0.25,""FXIT"":0.20,""CHFRUB_TOM"":0.10,""EUR_RUB__TOM"":0.10,""IRAO"":0.05}},{""weights"":{""MOEX"":0.20,""SBER"":0.20,""FXMM"":0.15,""USD000UTSTOM"":0.15,""CHFRUB_TOM"":0.15,""EUR_RUB__TOM"":0.15}}]}",0.03410254493269024,0.03410254493269024,False,99,openai/gpt-oss-120b,2024-03-27 00:00:00,2026-03-19 00:00:00,2026-03-20 00:00:00,2026-04-17 00:00:00
10,1,llm,3,3,3,3,3,parse_response,,,True,"{""candidates"":[{""weights"":{""MOEX"":0.35,""SBER"":0.30,""GAZP"":0.15,""FXIT"":0.10,""CHFRUB_TOM"":0.05,""EUR_RUB__TOM"":0.05}},{""weights"":{""MOEX"":0.25,""SBER"":0.20,""FXIT"":0.15,""CHFRUB_TOM"":0.10,""EUR_RUB__TOM"":0.10,""IRAO"":0.10,""FXMM"":0.05,""USD000UTSTOM"":0.05}},{""weights"":{""MOEX"":0.15,""SBER"":0.15,""EUR_RUB__TOM"":0.15,""CHFRUB_TOM"":0.15,""USD000UTSTOM"":0.15,""IRAO"":0.10,""FXMM"":0.10,""FXIT"":0.05}}]}",0.03410254493269024,0.03410254493269024,False,99,openai/gpt-oss-120b,2024-03-27 00:00:00,2026-03-19 00:00:00,2026-03-20 00:00:00,2026-04-17 00:00:00
11,1,llm,3,3,3,3,3,parse_response,,,True,"{""candidates"":[{""weights"":{""MOEX"":0.35,""SBER"":0.25,""GAZP"":0.20,""FXIT"":0.10,""CHFRUB_TOM"":0.10}},{""weights"":{""MOEX"":0.30,""SBER"":0.25,""FXIT"":0.20,""CHFRUB_TOM"":0.15,""EUR_RUB__TOM"":0.10}},{""weights"":{""CHFRUB_TOM"":0.25,""EUR_RUB__TOM"":0.25,""MOEX"":0.20,""SBER"":0.15,""IRAO"":0.15}}]}",0.03410254493269024,0.03410254493269024,False,99,openai/gpt-oss-120b,2024-03-27 00:00:00,2026-03-19 00:00:00,2026-03-20 00:00:00,2026-04-17 00:00:00
12,1,llm,3,3,3,3,3,parse_response,,,True,"{""candidates"":[{""weights"":{""MOEX"":0.30,""SBER"":0.25,""FXIT"":0.20,""GAZP"":0.15,""CHFRUB_TOM"":0.10}},{""weights"":{""MOEX"":0.25,""SBER"":0.20,""FXIT"":0.15,""CHFRUB_TOM"":0.10,""EUR_RUB__TOM"":0.10,""IRAO"":0.10,""GAZP"":0.10}},{""weights"":{""MOEX"":0.15,""SBER"":0.15,""FXIT"":0.10,""CHFRUB_TOM"":0.15,""EUR_RUB__TOM"":0.15,""IRAO"":0.10,""FXMM"":0.10,""USD000UTSTOM"":0.10}}]}",0.03410254493269024,0.03410254493269024,False,99,openai/gpt-oss-120b,2024-03-27 00:00:00,2026-03-19 00:00:00,2026-03-20 00:00:00,2026-04-17 00:00:00
13,1,llm,3,3,3,3,3,parse_response,,,True,"{""candidates"":[{""weights"":{""MOEX"":0.35,""FXIT"":0.25,""SBER"":0.20,""CHFRUB_TOM"":0.10,""EUR_RUB__TOM"":0.10}},{""weights"":{""MOEX"":0.28,""SBER"":0.25,""FXIT"":0.20,""CHFRUB_TOM"":0.12,""EUR_RUB__TOM"":0.10,""IRAO"":0.05}},{""weights"":{""CHFRUB_TOM"":0.20,""EUR_RUB__TOM"":0.20,""USD000UTSTOM"":0.15,""FXMM"":0.10,""FXIT"":0.10,""MOEX"":0.15,""IRAO"":0.10}}]}",0.03410254493269024,0.03410254493269024,False,99,openai/gpt-oss-120b,2024-03-27 00:00:00,2026-03-19 00:00:00,2026-03-20 00:00:00,2026-04-17 00:00:00
14,1,llm,3,3,3,3,3,parse_response,,,True,"{""candidates"":[{""weights"":{""MOEX"":0.30,""SBER"":0.25,""FXIT"":0.20,""GAZP"":0.15,""LKOH"":0.10}},{""weights"":{""MOEX"":0.28,""SBER"":0.24,""FXIT"":0.18,""CHFRUB_TOM"":0.12,""EUR_RUB__TOM"":0.10,""IRAO"":0.08}},{""weights"":{""MOEX"":0.20,""SBER"":0.15,""FXIT"":0.15,""CHFRUB_TOM"":0.10,""EUR_RUB__TOM"":0.10,""FXCN"":0.10,""FXMM"":0.10,""IRAO"":0.10}}]}",0.03410254493269024,0.03410254493269024,False,99,openai/gpt-oss-120b,2024-03-27 00:00:00,2026-03-19 00:00:00,2026-03-20 00:00:00,2026-04-17 00:00:00
15,1,llm,3,3,3,3,3,parse_response,,,True,"{""candidates"":[{""weights"":{""MOEX"":0.34,""SBER"":0.31,""FXIT"":0.20,""CHFRUB_TOM"":0.09,""EUR_RUB__TOM"":0.06}},{""weights"":{""MOEX"":0.28,""SBER"":0.25,""FXIT"":0.18,""CHFRUB_TOM"":0.12,""EUR_RUB__TOM"":0.07,""IRAO"":0.10}},{""weights"":{""MOEX"":0.15,""SBER"":0.15,""FXIT"":0.10,""CHFRUB_TOM"":0.10,""EUR_RUB__TOM"":0.10,""IRAO"":0.10,""GAZP"":0.10,""TMOS"":0.10,""TECH"":0.10}}]}",0.03410254493269024,0.03552073565409926,True,99,openai/gpt-oss-120b,2024-03-27 00:00:00,2026-03-19 00:00:00,2026-03-20 00:00:00,2026-04-17 00:00:00
16,1,llm,3,3,3,2,2,parse_response,,,True,"{""candidates"":[{""weights"":{""MOEX"":0.35,""SBER"":0.30,""FXIT"":0.20,""CHFRUB_TOM"":0.10,""EUR_RUB__TOM"":0.05}},{""weights"":{""MOEX"":0.30,""SBER"":0.25,""FXIT"":0.20,""CHFRUB_TOM"":0.15,""EUR_RUB__TOM"":0.08,""IRAO"":0.02}},{""weights"":{""MOEX"":0.20,""SBER"":0.15,""FXIT"":0.15,""CHFRUB_TOM"":0.10,""EUR_RUB__TOM"":0.10,""IRAO"":0.10,""YDEX"":0.10,""FXUS"":0.05,""FXCN"":0.05}}]}",0.03552073565409926,0.03552073565409926,False,99,openai/gpt-oss-120b,2024-03-27 00:00:00,2026-03-19 00:00:00,2026-03-20 00:00:00,2026-04-17 00:00:00
17,1,llm,3,3,3,3,3,parse_response,,,True,"{""candidates"":[{""weights"":{""MOEX"":0.35,""SBER"":0.30,""FXIT"":0.18,""CHFRUB_TOM"":0.11,""EUR_RUB__TOM"":0.06}},{""weights"":{""MOEX"":0.28,""SBER"":0.25,""FXIT"":0.15,""CHFRUB_TOM"":0.12,""EUR_RUB__TOM"":0.08,""IRAO"":0.12}},{""weights"":{""MOEX"":0.125,""SBER"":0.125,""FXIT"":0.125,""CHFRUB_TOM"":0.125,""EUR_RUB__TOM"":0.125,""IRAO"":0.125,""NVTK"":0.125,""GAZP"":0.125}}]}",0.03552073565409926,0.03552073565409926,False,99,openai/gpt-oss-120b,2024-03-27 00:00:00,2026-03-19 00:00:00,2026-03-20 00:00:00,2026-04-17 00:00:00
18,1,llm,3,3,3,3,3,parse_response,,,True,"{""candidates"":[{""weights"":{""MOEX"":0.30,""SBER"":0.25,""FXIT"":0.20,""GAZP"":0.15,""EUR_RUB__TOM"":0.10}},{""weights"":{""MOEX"":0.27,""SBER"":0.26,""FXIT"":0.18,""CHFRUB_TOM"":0.12,""EUR_RUB__TOM"":0.07}},{""weights"":{""MOEX"":0.20,""SBER"":0.20,""FXIT"":0.15,""CHFRUB_TOM"":0.15,""EUR_RUB__TOM"":0.10,""IRAO"":0.10,""FXUS"":0.10}}]}",0.03552073565409926,0.03552073565409926,False,99,openai/gpt-oss-120b,2024-03-27 00:00:00,2026-03-19 00:00:00,2026-03-20 00:00:00,2026-04-17 00:00:00
19,1,llm,3,3,3,3,3,parse_response,,,True,"{""candidates"":[{""weights"":{""MOEX"":0.40,""FXIT"":0.25,""SBER"":0.20,""CHFRUB_TOM"":0.10,""EUR_RUB__TOM"":0.05}},{""weights"":{""MOEX"":0.33,""SBER"":0.30,""FXIT"":0.20,""CHFRUB_TOM"":0.09,""EUR_RUB__TOM"":0.08}},{""weights"":{""MOEX"":0.20,""SBER"":0.15,""CHFRUB_TOM"":0.15,""EUR_RUB__TOM"":0.15,""FXIT"":0.15,""FXCN"":0.10,""FXMM"":0.10}}]}",0.03552073565409926,0.03552073565409926,False,99,openai/gpt-oss-120b,2024-03-27 00:00:00,2026-03-19 00:00:00,2026-03-20 00:00:00,2026-04-17 00:00:00
20,1,llm,3,3,3,2,2,parse_response,,,True,"{""candidates"":[{""weights"":{""MOEX"":0.35,""SBER"":0.30,""FXIT"":0.20,""CHFRUB_TOM"":0.10,""EUR_RUB__TOM"":0.05}},{""weights"":{""MOEX"":0.30,""SBER"":0.25,""FXIT"":0.20,""CHFRUB_TOM"":0.10,""EUR_RUB__TOM"":0.07,""IRAO"":0.05}},{""weights"":{""MOEX"":0.20,""SBER"":0.20,""FXIT"":0.15,""CHFRUB_TOM"":0.10,""EUR_RUB__TOM"":0.10,""FXCN"":0.08,""FXMM"":0.07,""FXUS"":0.05,""IRAO"":0.05}}]}",0.03552073565409926,0.03552073565409926,False,99,openai/gpt-oss-120b,2024-03-27 00:00:00,2026-03-19 00:00:00,2026-03-20 00:00:00,2026-04-17 00:00:00
21,1,llm,3,3,3,3,3,parse_response,,,True,"{""candidates"":[{""weights"":{""MOEX"":0.35,""SBER"":0.30,""FXIT"":0.15,""GAZP"":0.10,""LKOH"":0.10}},{""weights"":{""MOEX"":0.30,""SBER"":0.28,""FXIT"":0.18,""CHFRUB_TOM"":0.12,""EUR_RUB__TOM"":0.12}},{""weights"":{""CHFRUB_TOM"":0.20,""EUR_RUB__TOM"":0.20,""FXIT"":0.15,""MOEX"":0.15,""SBER"":0.10,""IRAO"":0.10}}]}",0.03552073565409926,0.03552073565409926,False,99,openai/gpt-oss-120b,2024-03-27 00:00:00,2026-03-19 00:00:00,2026-03-20 00:00:00,2026-04-17 00:00:00
22,1,llm,3,3,3,3,3,parse_response,,,True,"{""candidates"":[{""weights"":{""MOEX"":0.34,""FXIT"":0.30,""SBER"":0.20,""CHFRUB_TOM"":0.10,""EUR_RUB__TOM"":0.06}},{""weights"":{""MOEX"":0.30,""SBER"":0.28,""FXIT"":0.20,""CHFRUB_TOM"":0.12,""EUR_RUB__TOM"":0.07,""IRAO"":0.03}},{""weights"":{""MOEX"":0.20,""FXIT"":0.15,""CHFRUB_TOM"":0.20,""EUR_RUB__TOM"":0.20,""USD000UTSTOM"":0.15,""FXCN"":0.10}}]}",0.03552073565409926,0.03552073565409926,False,99,openai/gpt-oss-120b,2024-03-27 00:00:00,2026-03-19 00:00:00,2026-03-20 00:00:00,2026-04-17 00:00:00
23,1,llm,3,3,3,2,2,parse_response,,,True,"{""candidates"":[{""weights"":{""MOEX"":0.30,""SBER"":0.30,""GAZP"":0.20,""LKOH"":0.10,""FXIT"":0.10}},{""weights"":{""MOEX"":0.30,""SBER"":0.28,""FXIT"":0.18,""CHFRUB_TOM"":0.12,""EUR_RUB__TOM"":0.12}},{""weights"":{""MOEX"":0.25,""FXIT"":0.15,""CHFRUB_TOM"":0.15,""EUR_RUB__TOM"":0.15,""SBER"":0.10,""GAZP"":0.10,""LKOH"":0.10}}]}",0.03552073565409926,0.03552073565409926,False,99,openai/gpt-oss-120b,2024-03-27 00:00:00,2026-03-19 00:00:00,2026-03-20 00:00:00,2026-04-17 00:00:00
24,1,llm,3,3,3,3,3,parse_response,,,True,"{""candidates"":[{""weights"":{""MOEX"":0.35,""FXIT"":0.25,""SBER"":0.20,""CHFRUB_TOM"":0.12,""EUR_RUB__TOM"":0.08}},{""weights"":{""MOEX"":0.30,""SBER"":0.28,""FXIT"":0.20,""CHFRUB_TOM"":0.10,""EUR_RUB__TOM"":0.07,""IRAO"":0.05}},{""weights"":{""CHFRUB_TOM"":0.25,""EUR_RUB__TOM"":0.20,""MOEX"":0.20,""SBER"":0.15,""FXIT"":0.10,""IRAO"":0.10}}]}",0.03552073565409926,0.03552073565409926,False,99,openai/gpt-oss-120b,2024-03-27 00:00:00,2026-03-19 00:00:00,2026-03-20 00:00:00,2026-04-17 00:00:00
25,1,llm,3,3,3,2,2,parse_response,,,True,"{""candidates"":[{""weights"":{""MOEX"":0.35,""SBER"":0.30,""FXIT"":0.20,""CHFRUB_TOM"":0.10,""EUR_RUB__TOM"":0.05}},{""weights"":{""MOEX"":0.25,""SBER"":0.20,""GAZP"":0.15,""LKOH"":0.15,""FXIT"":0.15,""CHFRUB_TOM"":0.10}},{""weights"":{""MOEX"":0.12,""SBER"":0.12,""GAZP"":0.12,""NVTK"":0.12,""NLMK"":0.12,""CHFRUB_TOM"":0.12,""EUR_RUB__TOM"":0.12,""FXIT"":0.12,""IRAO"":0.04}}]}",0.03552073565409926,0.03552073565409926,False,99,openai/gpt-oss-120b,2024-03-27 00:00:00,2026-03-19 00:00:00,2026-03-20 00:00:00,2026-04-17 00:00:00
26,1,llm,3,3,3,3,3,parse_response,,,True,"{""candidates"":[{""weights"":{""MOEX"":0.30,""SBER"":0.30,""GAZP"":0.15,""GMKN"":0.10,""FXIT"":0.10,""TATN"":0.05}},{""weights"":{""MOEX"":0.32,""SBER"":0.30,""FXIT"":0.18,""CHFRUB_TOM"":0.10,""EUR_RUB__TOM"":0.08,""IRAO"":0.02}},{""weights"":{""MOEX"":0.125,""SBER"":0.125,""FXIT"":0.125,""CHFRUB_TOM"":0.125,""EUR_RUB__TOM"":0.125,""VTBR"":0.125,""YDEX"":0.125,""USD000UTSTOM"":0.125}}]}",0.03552073565409926,0.03552073565409926,False,99,openai/gpt-oss-120b,2024-03-27 00:00:00,2026-03-19 00:00:00,2026-03-20 00:00:00,2026-04-17 00:00:00
27,1,llm,3,3,3,3,3,parse_response,,,True,"{""candidates"":[{""weights"":{""MOEX"":0.30,""SBER"":0.25,""FXIT"":0.20,""CHFRUB_TOM"":0.10,""EUR_RUB__TOM"":0.07,""GAZP"":0.08}},{""weights"":{""MOEX"":0.25,""SBER"":0.22,""FXIT"":0.18,""CHFRUB_TOM"":0.12,""EUR_RUB__TOM"":0.08,""GAZP"":0.05,""LKOH"":0.10}},{""weights"":{""MOEX"":0.15,""SBER"":0.15,""GAZP"":0.15,""LKOH"":0.10,""CHFRUB_TOM"":0.12,""EUR_RUB__TOM"":0.12,""FXIT"":0.10,""USD000UTSTOM"":0.03,""SPBE"":0.08}}]}",0.03552073565409926,0.037237523723879645,True,99,openai/gpt-oss-120b,2024-03-27 00:00:00,2026-03-19 00:00:00,2026-03-20 00:00:00,2026-04-17 00:00:00
28,1,llm,3,3,3,3,3,parse_response,,,True,"{""candidates"":[{""weights"":{""MOEX"":0.2,""SBER"":0.2,""GAZP"":0.15,""LKOH"":0.15,""NVTK"":0.15,""TATN"":0.15}},{""weights"":{""MOEX"":0.15,""SBER"":0.15,""FXIT"":0.15,""CHFRUB_TOM"":0.15,""EUR_RUB__TOM"":0.15,""GAZP"":0.15,""LKOH"":0.1}},{""weights"":{""CHFRUB_TOM"":0.25,""EUR_RUB__TOM"":0.25,""USD000UTSTOM"":0.2,""FXIT"":0.15,""MOEX"":0.1,""SBER"":0.05}}]}",0.037237523723879645,0.037237523723879645,False,99,openai/gpt-oss-120b,2024-03-27 00:00:00,2026-03-19 00:00:00,2026-03-20 00:00:00,2026-04-17 00:00:00
29,1,llm,3,3,2,2,2,parse_response,,,True,"{""candidates"":[{""weights"":{""MOEX"":0.28,""SBER"":0.24,""FXIT"":0.18,""GAZP"":0.15,""LKOH"":0.15}},{""weights"":{""MOEX"":0.20,""SBER"":0.20,""FXIT"":0.15,""CHFRUB_TOM"":0.12,""EUR_RUB__TOM"":0.12,""GAZP"":0.08,""LKOH"":0.08,""USD000UTSTOM"":0.05}},{""weights"":{""FXIT"":0.10,""FXUS"":0.10,""FXCN"":0.10,""FXMM"":0.10,""EUR_RUB__TOM"":0.12,""CHFRUB_TOM"":0.12,""USD000UTSTOM"":0.08,""MOEX"":0.08,""SBER"":0.08,""GAZP"":0.08,""TATN"":0.04}}]}",0.037237523723879645,0.037237523723879645,False,99,openai/gpt-oss-120b,2024-03-27 00:00:00,2026-03-19 00:00:00,2026-03-20 00:00:00,2026-04-17 00:00:00
30,1,llm,3,3,3,3,3,parse_response,,,True,"{""candidates"":[{""weights"":{""MOEX"":0.30,""SBER"":0.30,""FXIT"":0.15,""CHFRUB_TOM"":0.10,""EUR_RUB__TOM"":0.10,""IRAO"":0.05}},{""weights"":{""MOEX"":0.25,""SBER"":0.25,""FXIT"":0.20,""CHFRUB_TOM"":0.15,""EUR_RUB__TOM"":0.10,""USD000UTSTOM"":0.05}},{""weights"":{""MOEX"":0.15,""SBER"":0.15,""CHFRUB_TOM"":0.12,""EUR_RUB__TOM"":0.12,""FXIT"":0.10,""IRAO"":0.08,""USD000UTSTOM"":0.08,""FXCN"":0.10,""FXMM"":0.10}}]}",0.037237523723879645,0.037237523723879645,False,99,openai/gpt-oss-120b,2024-03-27 00:00:00,2026-03-19 00:00:00,2026-03-20 00:00:00,2026-04-17 00:00:00
31,1,llm,3,3,3,2,2,parse_response,,,True,"{""candidates"":[{""weights"":{""MOEX"":0.35,""SBER"":0.30,""FXIT"":0.20,""CHFRUB_TOM"":0.10,""EUR_RUB__TOM"":0.05}},{""weights"":{""MOEX"":0.20,""SBER"":0.18,""FXIT"":0.15,""CHFRUB_TOM"":0.12,""EUR_RUB__TOM"":0.12,""GAZP"":0.13,""LKOH"":0.10}},{""weights"":{""MOEX"":0.111111,""SBER"":0.111111,""FXIT"":0.111111,""CHFRUB_TOM"":0.111111,""EUR_RUB__TOM"":0.111111,""GMKN"":0.111111,""NLMK"":0.111111,""VTBR"":0.111111,""IRAO"":0.111112}}]}",0.037237523723879645,0.037237523723879645,False,99,openai/gpt-oss-120b,2024-03-27 00:00:00,2026-03-19 00:00:00,2026-03-20 00:00:00,2026-04-17 00:00:00
32,1,llm,3,3,3,3,3,parse_response,,,True,"{""candidates"":[{""weights"":{""MOEX"":0.30,""SBER"":0.30,""FXIT"":0.20,""CHFRUB_TOM"":0.10,""EUR_RUB__TOM"":0.10}},{""weights"":{""MOEX"":0.20,""SBER"":0.20,""FXIT"":0.15,""CHFRUB_TOM"":0.12,""EUR_RUB__TOM"":0.12,""GAZP"":0.11,""LKOH"":0.10}},{""weights"":{""MOEX"":0.12,""SBER"":0.12,""FXIT"":0.10,""CHFRUB_TOM"":0.10,""EUR_RUB__TOM"":0.10,""GAZP"":0.10,""LKOH"":0.08,""IRAO"":0.08,""TMOS"":0.10,""VTBR"":0.10}}]}",0.037237523723879645,0.037237523723879645,False,99,openai/gpt-oss-120b,2024-03-27 00:00:00,2026-03-19 00:00:00,2026-03-20 00:00:00,2026-04-17 00:00:00
33,1,llm,3,3,3,2,2,parse_response,,,True,"{""candidates"":[{""weights"":{""MOEX"":0.35,""SBER"":0.30,""FXIT"":0.20,""CHFRUB_TOM"":0.10,""EUR_RUB__TOM"":0.05}},{""weights"":{""MOEX"":0.25,""SBER"":0.25,""FXIT"":0.15,""CHFRUB_TOM"":0.10,""EUR_RUB__TOM"":0.10,""GAZP"":0.15}},{""weights"":{""MOEX"":0.20,""SBER"":0.20,""CHFRUB_TOM"":0.15,""EUR_RUB__TOM"":0.15,""IRAO"":0.10,""GAZP"":0.10,""LKOH"":0.10}}]}",0.037237523723879645,0.037237523723879645,False,99,openai/gpt-oss-120b,2024-03-27 00:00:00,2026-03-19 00:00:00,2026-03-20 00:00:00,2026-04-17 00:00:00
34,1,llm,3,3,3,2,2,parse_response,,,True,"{""candidates"":[{""weights"":{""MOEX"":0.35,""SBER"":0.30,""FXIT"":0.15,""CHFRUB_TOM"":0.10,""EUR_RUB__TOM"":0.10}},{""weights"":{""MOEX"":0.30,""SBER"":0.30,""FXIT"":0.20,""CHFRUB_TOM"":0.10,""EUR_RUB__TOM"":0.10}},{""weights"":{""MOEX"":0.20,""SBER"":0.20,""FXIT"":0.15,""CHFRUB_TOM"":0.10,""EUR_RUB__TOM"":0.08,""USD000UTSTOM"":0.07,""SPBE"":0.07,""IRAO"":0.03}}]}",0.037237523723879645,0.058984981420835685,True,99,openai/gpt-oss-120b,2024-03-27 00:00:00,2026-03-19 00:00:00,2026-03-20 00:00:00,2026-04-17 00:00:00
35,1,llm,3,3,3,3,3,parse_response,,,True,"{""candidates"":[{""weights"":{""MOEX"":0.35,""SBER"":0.30,""FXIT"":0.20,""CHFRUB_TOM"":0.05,""EUR_RUB__TOM"":0.10}},{""weights"":{""MOEX"":0.20,""SBER"":0.20,""FXIT"":0.15,""CHFRUB_TOM"":0.12,""EUR_RUB__TOM"":0.10,""USD000UTSTOM"":0.08,""SPBE"":0.08,""GAZP"":0.07}},{""weights"":{""MOEX"":0.12,""SBER"":0.12,""FXIT"":0.12,""CHFRUB_TOM"":0.10,""EUR_RUB__TOM"":0.10,""USD000UTSTOM"":0.10,""SPBE"":0.10,""GAZP"":0.09,""LKOH"":0.09,""IRAO"":0.06}}]}",0.058984981420835685,0.058984981420835685,False,99,openai/gpt-oss-120b,2024-03-27 00:00:00,2026-03-19 00:00:00,2026-03-20 00:00:00,2026-04-17 00:00:00
36,1,llm,3,3,3,3,3,parse_response,,,True,"{""candidates"":[{""weights"":{""MOEX"":0.25,""SBER"":0.25,""GAZP"":0.20,""LKOH"":0.15,""NVTK"":0.15}},{""weights"":{""MOEX"":0.20,""SBER"":0.20,""FXIT"":0.15,""CHFRUB_TOM"":0.12,""EUR_RUB__TOM"":0.13,""USD000UTSTOM"":0.20}},{""weights"":{""CHFRUB_TOM"":0.18,""EUR_RUB__TOM"":0.18,""USD000UTSTOM"":0.18,""FXIT"":0.15,""SPBE"":0.15,""MOEX"":0.16}}]}",0.058984981420835685,0.058984981420835685,False,99,openai/gpt-oss-120b,2024-03-27 00:00:00,2026-03-19 00:00:00,2026-03-20 00:00:00,2026-04-17 00:00:00
37,1,llm,3,3,3,3,3,parse_response,,,True,"{""candidates"":[{""weights"":{""MOEX"":0.28,""SBER"":0.28,""FXIT"":0.20,""CHFRUB_TOM"":0.14,""EUR_RUB__TOM"":0.10}},{""weights"":{""MOEX"":0.125,""SBER"":0.125,""FXIT"":0.125,""CHFRUB_TOM"":0.125,""EUR_RUB__TOM"":0.125,""USD000UTSTOM"":0.125,""SPBE"":0.125,""GAZP"":0.125}},{""weights"":{""EUR_RUB__TOM"":0.30,""USD000UTSTOM"":0.30,""CHFRUB_TOM"":0.20,""MOEX"":0.10,""SPBE"":0.10}}]}",0.058984981420835685,0.058984981420835685,False,99,openai/gpt-oss-120b,2024-03-27 00:00:00,2026-03-19 00:00:00,2026-03-20 00:00:00,2026-04-17 00:00:00
38,1,llm,3,3,3,2,2,parse_response,,,True,"{""candidates"":[{""weights"":{""MOEX"":0.28,""SBER"":0.25,""GAZP"":0.20,""LKOH"":0.12,""FXIT"":0.10,""EUR_RUB__TOM"":0.05}},{""weights"":{""MOEX"":0.20,""SBER"":0.20,""FXIT"":0.15,""CHFRUB_TOM"":0.12,""EUR_RUB__TOM"":0.10,""USD000UTSTOM"":0.08,""SPBE"":0.08,""GAZP"":0.07}},{""weights"":{""CHFRUB_TOM"":0.18,""EUR_RUB__TOM"":0.18,""USD000UTSTOM"":0.18,""FXIT"":0.15,""SPBE"":0.12,""MOEX"":0.09,""IRAO"":0.10}}]}",0.058984981420835685,0.058984981420835685,False,99,openai/gpt-oss-120b,2024-03-27 00:00:00,2026-03-19 00:00:00,2026-03-20 00:00:00,2026-04-17 00:00:00
39,1,llm,3,3,3,3,3,parse_response,,,True,"{""candidates"":[{""weights"":{""MOEX"":0.25,""SBER"":0.25,""FXIT"":0.20,""CHFRUB_TOM"":0.10,""EUR_RUB__TOM"":0.10,""USD000UTSTOM"":0.10}},{""weights"":{""MOEX"":0.15,""SBER"":0.15,""FXIT"":0.12,""CHFRUB_TOM"":0.12,""EUR_RUB__TOM"":0.12,""USD000UTSTOM"":0.12,""SPBE"":0.10,""GAZP"":0.12}},{""weights"":{""MOEX"":0.10,""SBER"":0.10,""FXIT"":0.10,""CHFRUB_TOM"":0.08,""EUR_RUB__TOM"":0.08,""USD000UTSTOM"":0.08,""SPBE"":0.08,""GAZP"":0.07,""NVTK"":0.12,""ALRS"":0.19}}]}",0.058984981420835685,0.058984981420835685,False,99,openai/gpt-oss-120b,2024-03-27 00:00:00,2026-03-19 00:00:00,2026-03-20 00:00:00,2026-04-17 00:00:00
40,1,llm,3,3,3,3,3,parse_response,,,True,"{""candidates"":[{""weights"":{""MOEX"":0.25,""SBER"":0.20,""FXIT"":0.20,""CHFRUB_TOM"":0.15,""EUR_RUB__TOM"":0.10,""USD000UTSTOM"":0.10}},{""weights"":{""MOEX"":0.15,""SBER"":0.15,""GAZP"":0.15,""LKOH"":0.10,""FXIT"":0.10,""SPBE"":0.10,""EUR_RUB__TOM"":0.10,""USD000UTSTOM"":0.10}},{""weights"":{""FXCN"":0.15,""FXMM"":0.15,""FXIT"":0.15,""CHFRUB_TOM"":0.15,""EUR_RUB__TOM"":0.10,""USD000UTSTOM"":0.10,""MOEX"":0.10}}]}",0.058984981420835685,0.058984981420835685,False,99,openai/gpt-oss-120b,2024-03-27 00:00:00,2026-03-19 00:00:00,2026-03-20 00:00:00,2026-04-17 00:00:00
41,1,llm,3,3,3,3,3,parse_response,,,True,"{""candidates"":[{""weights"":{""MOEX"":0.28,""SBER"":0.25,""FXIT"":0.18,""CHFRUB_TOM"":0.12,""EUR_RUB__TOM"":0.07,""USD000UTSTOM"":0.06,""SPBE"":0.04}},{""weights"":{""MOEX"":0.13,""SBER"":0.13,""GAZP"":0.13,""LKOH"":0.13,""FXIT"":0.12,""CHFRUB_TOM"":0.12,""EUR_RUB__TOM"":0.12,""USD000UTSTOM"":0.12}},{""weights"":{""EUR_RUB__TOM"":0.20,""CHFRUB_TOM"":0.20,""USD000UTSTOM"":0.20,""FXIT"":0.15,""SPBE"":0.15,""MOEX"":0.10}}]}",0.058984981420835685,0.058984981420835685,False,99,openai/gpt-oss-120b,2024-03-27 00:00:00,2026-03-19 00:00:00,2026-03-20 00:00:00,2026-04-17 00:00:00
42,1,llm,3,3,3,3,3,parse_response,,,True,"{""candidates"":[{""weights"":{""FXIT"":0.20,""CHFRUB_TOM"":0.15,""EUR_RUB__TOM"":0.15,""USD000UTSTOM"":0.15,""MOEX"":0.15,""SBER"":0.10,""SPBE"":0.10}},{""weights"":{""MOEX"":0.15,""FXIT"":0.15,""CHFRUB_TOM"":0.125,""EUR_RUB__TOM"":0.125,""USD000UTSTOM"":0.125,""SPBE"":0.125,""GAZP"":0.075,""LKOH"":0.075,""SBER"":0.05}},{""weights"":{""MOEX"":0.1666666667,""SPBE"":0.1666666667,""EUR_RUB__TOM"":0.1666666667,""USD000UTSTOM"":0.1666666667,""CHFRUB_TOM"":0.1666666667,""SBER"":0.1666666667}}]}",0.058984981420835685,0.09007709119252769,True,99,openai/gpt-oss-120b,2024-03-27 00:00:00,2026-03-19 00:00:00,2026-03-20 00:00:00,2026-04-17 00:00:00
43,1,llm,3,3,3,3,3,parse_response,,,True,"{""candidates"":[{""weights"":{""SBER"":0.30,""GAZP"":0.20,""MOEX"":0.15,""FXIT"":0.15,""EUR_RUB__TOM"":0.10,""USD000UTSTOM"":0.10}},{""weights"":{""MOEX"":0.16666666666666666,""SPBE"":0.16666666666666666,""EUR_RUB__TOM"":0.16666666666666666,""USD000UTSTOM"":0.16666666666666666,""CHFRUB_TOM"":0.16666666666666666,""FXIT"":0.16666666666666666}},{""weights"":{""MOEX"":0.14285714285714285,""SPBE"":0.14285714285714285,""EUR_RUB__TOM"":0.14285714285714285,""USD000UTSTOM"":0.14285714285714285,""CHFRUB_TOM"":0.14285714285714285,""FXIT"":0.14285714285714285,""TATNP"":0.14285714285714285}}]}",0.09007709119252769,0.09007709119252769,False,99,openai/gpt-oss-120b,2024-03-27 00:00:00,2026-03-19 00:00:00,2026-03-20 00:00:00,2026-04-17 00:00:00
44,1,llm,3,3,3,3,3,parse_response,,,True,"{""candidates"":[{""weights"":{""FXIT"":0.30,""CHFRUB_TOM"":0.25,""EUR_RUB__TOM"":0.20,""MOEX"":0.15,""SBER"":0.10}},{""weights"":{""MOEX"":0.18,""SPBE"":0.16,""EUR_RUB__TOM"":0.15,""USD000UTSTOM"":0.15,""CHFRUB_TOM"":0.15,""FXIT"":0.12,""GAZP"":0.09}},{""weights"":{""MOEX"":0.125,""SPBE"":0.125,""EUR_RUB__TOM"":0.125,""USD000UTSTOM"":0.125,""CHFRUB_TOM"":0.125,""GAZP"":0.125,""NLMK"":0.125,""LQDT"":0.125}}]}",0.09007709119252769,0.09007709119252769,False,99,openai/gpt-oss-120b,2024-03-27 00:00:00,2026-03-19 00:00:00,2026-03-20 00:00:00,2026-04-17 00:00:00
45,1,llm,3,3,3,2,2,parse_response,,,True,"{""candidates"":[{""weights"":{""MOEX"":0.20,""SPBE"":0.15,""EUR_RUB__TOM"":0.20,""USD000UTSTOM"":0.15,""CHFRUB_TOM"":0.15,""FXIT"":0.15}},{""weights"":{""MOEX"":0.125,""SPBE"":0.125,""EUR_RUB__TOM"":0.125,""USD000UTSTOM"":0.125,""CHFRUB_TOM"":0.125,""FXIT"":0.125,""GAZP"":0.125,""SBER"":0.125}},{""weights"":{""MOEX"":0.14,""SPBE"":0.14,""EUR_RUB__TOM"":0.14,""USD000UTSTOM"":0.14,""CHFRUB_TOM"":0.14,""FXIT"":0.14,""TATNP"":0.16}}]}",0.09007709119252769,0.09007709119252769,False,99,openai/gpt-oss-120b,2024-03-27 00:00:00,2026-03-19 00:00:00,2026-03-20 00:00:00,2026-04-17 00:00:00
46,1,llm,3,3,3,2,2,parse_response,,,True,"{""candidates"":[{""weights"":{""SBER"":0.30,""GAZP"":0.25,""LKOH"":0.20,""MOEX"":0.25}},{""weights"":{""MOEX"":0.1666666667,""SPBE"":0.1666666667,""EUR_RUB__TOM"":0.1666666667,""USD000UTSTOM"":0.1666666667,""CHFRUB_TOM"":0.1666666667,""FXIT"":0.1666666667}},{""weights"":{""MOEX"":0.125,""SPBE"":0.125,""EUR_RUB__TOM"":0.125,""USD000UTSTOM"":0.125,""CHFRUB_TOM"":0.125,""FXIT"":0.125,""TATNP"":0.125,""GAZP"":0.125}}]}",0.09007709119252769,0.09007709119252769,False,99,openai/gpt-oss-120b,2024-03-27 00:00:00,2026-03-19 00:00:00,2026-03-20 00:00:00,2026-04-17 00:00:00
47,1,llm,3,3,3,2,2,parse_response,,,True,"{""candidates"":[{""weights"":{""SBER"":0.35,""GAZP"":0.25,""LKOH"":0.20,""MOEX"":0.10,""FXIT"":0.10}},{""weights"":{""MOEX"":0.14285714285714285,""SPBE"":0.14285714285714285,""EUR_RUB__TOM"":0.14285714285714285,""USD000UTSTOM"":0.14285714285714285,""CHFRUB_TOM"":0.14285714285714285,""FXIT"":0.14285714285714285,""TATNP"":0.14285714285714285}},{""weights"":{""MOEX"":0.1111111111111111,""SPBE"":0.1111111111111111,""EUR_RUB__TOM"":0.1111111111111111,""USD000UTSTOM"":0.1111111111111111,""CHFRUB_TOM"":0.1111111111111111,""FXIT"":0.1111111111111111,""GAZP"":0.1111111111111111,""SBER"":0.1111111111111111,""TATNP"":0.1111111111111111}}]}",0.09007709119252769,0.09007709119252769,False,99,openai/gpt-oss-120b,2024-03-27 00:00:00,2026-03-19 00:00:00,2026-03-20 00:00:00,2026-04-17 00:00:00
48,1,llm,3,3,3,2,2,parse_response,,,True,"{""candidates"":[{""weights"":{""FXIT"":0.25,""MOEX"":0.20,""CHFRUB_TOM"":0.15,""EUR_RUB__TOM"":0.15,""TATNP"":0.15,""GAZP"":0.10}},{""weights"":{""MOEX"":0.16666666666666666,""SPBE"":0.16666666666666666,""EUR_RUB__TOM"":0.16666666666666666,""USD000UTSTOM"":0.16666666666666666,""CHFRUB_TOM"":0.16666666666666666,""FXIT"":0.16666666666666666}},{""weights"":{""USD000UTSTOM"":0.20,""EUR_RUB__TOM"":0.20,""CHFRUB_TOM"":0.15,""MOEX"":0.15,""SPBE"":0.10,""FXIT"":0.10,""SBER"":0.10}}]}",0.09007709119252769,0.09007709119252769,False,99,openai/gpt-oss-120b,2024-03-27 00:00:00,2026-03-19 00:00:00,2026-03-20 00:00:00,2026-04-17 00:00:00
49,1,llm,3,3,3,2,2,parse_response,,,True,"{""candidates"":[{""weights"":{""SBER"":0.30,""GAZP"":0.25,""LKOH"":0.20,""MOEX"":0.25}},{""weights"":{""MOEX"":0.20,""SPBE"":0.15,""EUR_RUB__TOM"":0.20,""USD000UTSTOM"":0.15,""CHFRUB_TOM"":0.15,""GAZP"":0.15}},{""weights"":{""EUR_RUB__TOM"":0.18,""USD000UTSTOM"":0.18,""CHFRUB_TOM"":0.18,""FXIT"":0.15,""MOEX"":0.15,""SPBE"":0.08,""FXCN"":0.08}}]}",0.09007709119252769,0.09007709119252769,False,99,openai/gpt-oss-120b,2024-03-27 00:00:00,2026-03-19 00:00:00,2026-03-20 00:00:00,2026-04-17 00:00:00
